"pitches","player_id","player_name","year","total_pitches","pitch_percent","ba","iso","babip","slg","woba","xwoba","xba","hits","abs","launch_speed","launch_angle","spin_rate","velocity","effective_speed","whiffs","swings","takes","eff_min_vel","release_extension","pos3_int_start_distance","pos4_int_start_distance","pos5_int_start_distance","pos6_int_start_distance","pos7_int_start_distance","pos8_int_start_distance","pos9_int_start_distance"
"2989",592450,"Aaron Judge",2017,"2989","100.0","0.284","0.343","0.357","0.627","0.430","0.443","0.278","154","542","85.2","17.5","2266","88.8","88.23","429","1228","1756","-0.6","6.01","108","152","119","146","306","331","298"
"1911",502110,"J.D. Martinez",2017,"1911","100.0","0.303","0.387","0.327","0.690","0.430","0.430","0.294","131","432","83.9","16.0","2266","88.4","87.95","307","983","928","-0.5","5.96","108","151","116","147","305","327","301"
"2732",458015,"Joey Votto",2017,"2732","100.0","0.320","0.258","0.321","0.578","0.428","0.429","0.308","179","559","81.9","17.6","2177","89.1","88.78","176","1144","1577","-0.3","6.12","114","151","121","150","294","318","299"
"2127",545361,"Mike Trout",2017,"2127","100.0","0.306","0.323","0.318","0.629","0.437","0.425","0.286","123","402","82.2","20.7","2254","89.4","88.87","146","801","1319","-0.5","6.00","107","151","117","146","309","327","301"
"1929",518692,"Freddie Freeman",2017,"1929","100.0","0.307","0.280","0.335","0.586","0.407","0.411","0.292","135","440","84.4","19.7","2171","88.3","87.75","254","1020","902","-0.6","5.98","115","163","131","150","301","324","303"
"2030",457759,"Justin Turner",2017,"2030","100.0","0.322","0.208","0.326","0.530","0.400","0.410","0.306","147","457","83.9","21.5","2232","89.6","89.02","140","889","1122","-0.6","5.92","107","150","115","146","303","318","296"
"2474",443558,"Nelson Cruz",2017,"2474","100.0","0.288","0.261","0.315","0.549","0.385","0.407","0.287","160","556","85.0","15.3","2244","88.3","87.83","356","1167","1295","-0.5","6.02","107","151","119","146","303","325","297"
"2762",502671,"Paul Goldschmidt",2017,"2762","100.0","0.297","0.265","0.343","0.563","0.400","0.402","0.283","166","558","85.3","15.8","2251","89.0","88.43","300","1130","1624","-0.6","5.90","108","150","115","146","307","326","301"
"2591",475253,"Justin Smoak",2017,"2591","100.0","0.270","0.259","0.285","0.529","0.371","0.401","0.285","151","560","83.8","17.6","2227","87.7","87.19","262","1114","1475","-0.5","6.00","113","163","132","148","296","327","303"
"2723",519203,"Anthony Rizzo",2017,"2723","100.0","0.273","0.234","0.273","0.507","0.380","0.400","0.288","156","572","83.3","20.9","2195","89.3","88.99","231","1261","1433","-0.3","6.09","115","159","123","150","297","320","301"
"2870",429665,"Edwin Encarnacion",2017,"2870","100.0","0.258","0.245","0.271","0.504","0.373","0.399","0.274","143","554","83.7","17.8","2222","88.3","87.87","313","1233","1632","-0.4","6.01","108","151","118","144","298","324","300"
"1895",621043,"Carlos Correa",2017,"1895","100.0","0.316","0.235","0.352","0.551","0.394","0.399","0.308","133","421","85.8","12.5","2250","88.3","87.83","174","800","1093","-0.5","6.04","107","149","115","146","298","324","291"
"2736",519317,"Giancarlo Stanton",2017,"2736","100.0","0.281","0.350","0.288","0.631","0.411","0.397","0.270","168","597","85.6","16.8","2221","89.2","88.58","373","1174","1553","-0.6","6.04","107","152","120","145","309","327","303"
"2099",518626,"Josh Donaldson",2017,"2099","100.0","0.270","0.289","0.289","0.559","0.396","0.396","0.261","112","415","83.3","16.6","2241","88.6","88.19","243","885","1211","-0.4","6.05","108","152","117","146","302","328","299"
"2591",501981,"Khris Davis",2017,"2591","100.0","0.247","0.281","0.290","0.528","0.361","0.394","0.264","140","566","85.0","20.4","2234","88.3","87.82","412","1222","1361","-0.5","5.99","107","151","116","146","304","326","296"
"1967",547180,"Bryce Harper",2017,"1967","100.0","0.319","0.276","0.356","0.595","0.416","0.390","0.287","134","420","83.2","16.8","2171","89.1","88.77","259","964","999","-0.3","6.12","115","150","121","150","300","322","304"
"2222",475582,"Ryan Zimmerman",2017,"2222","100.0","0.303","0.269","0.335","0.573","0.388","0.389","0.293","159","524","85.8","15.7","2214","88.8","88.36","240","985","1234","-0.4","6.11","108","151","116","147","303","321","298"
"2031",596142,"Gary Sanchez",2017,"2031","100.0","0.278","0.253","0.304","0.531","0.368","0.388","0.290","131","471","83.3","17.1","2249","88.3","87.74","276","972","1049","-0.6","5.99","107","152","117","146","301","326","296"
"2240",608369,"Corey Seager",2017,"2240","100.0","0.295","0.184","0.352","0.479","0.364","0.388","0.299","159","539","84.0","13.9","2187","88.8","88.14","306","1123","1113","-0.7","5.90","115","151","117","151","297","318","303"
"1828",624424,"Michael Conforto",2017,"1828","100.0","0.279","0.276","0.328","0.555","0.392","0.386","0.262","104","373","83.8","17.5","2203","88.2","87.75","228","783","1037","-0.4","6.06","116","155","121","151","294","321","302"
"1858",474832,"Brandon Belt",2017,"1858","100.0","0.241","0.228","0.284","0.469","0.352","0.385","0.264","92","382","81.9","21.8","2206","88.4","87.78","209","842","1003","-0.6","5.98","115","160","125","147","296","323","304"
"2045",408234,"Miguel Cabrera",2017,"2045","100.0","0.249","0.149","0.292","0.399","0.313","0.384","0.290","117","469","84.5","17.4","2262","88.9","88.59","237","1028","1014","-0.3","6.08","108","151","118","147","304","328","299"
"2764",572761,"Matt Carpenter",2017,"2764","100.0","0.241","0.209","0.274","0.451","0.361","0.383","0.253","120","497","83.6","23.9","2172","88.9","88.56","186","943","1800","-0.3","6.00","118","156","116","151","297","319","300"
"2550",543807,"George Springer",2017,"2550","100.0","0.283","0.239","0.297","0.522","0.376","0.382","0.281","155","548","81.8","14.4","2241","88.7","88.24","266","1141","1398","-0.5","6.00","108","151","113","146","298","324","293"
"2266",519048,"Mitch Moreland",2017,"2266","100.0","0.246","0.197","0.278","0.443","0.326","0.380","0.277","125","508","84.2","17.7","2215","88.4","87.73","271","1051","1206","-0.7","5.95","115","164","131","148","287","323","306"
"1744",571506,"Justin Bour",2017,"1744","100.0","0.289","0.247","0.322","0.536","0.374","0.380","0.285","109","377","83.1","17.5","2188","88.9","88.20","219","779","963","-0.7","6.03","115","163","125","152","302","323","302"
"2601",408045,"Joe Mauer",2017,"2601","100.0","0.305","0.112","0.349","0.417","0.349","0.380","0.313","160","525","85.1","11.5","2214","89.6","89.11","122","948","1646","-0.5","6.06","113","150","113","149","287","317","303"
"2242",608336,"Joey Gallo",2017,"2242","100.0","0.209","0.327","0.250","0.537","0.364","0.377","0.219","94","449","85.0","24.4","2207","87.6","87.22","458","1056","1177","-0.4","6.04","116","163","134","151","302","329","304"
"2605",592206,"Nicholas Castellanos",2017,"2605","100.0","0.272","0.218","0.313","0.490","0.341","0.377","0.290","167","614","83.0","16.5","2240","88.1","87.79","358","1333","1266","-0.3","6.07","109","152","115","146","301","325","293"
"2884",453568,"Charlie Blackmon",2017,"2884","100.0","0.331","0.271","0.371","0.602","0.415","0.376","0.287","213","643","82.1","16.2","2193","88.8","88.43","252","1334","1537","-0.4","5.96","117","149","105","151","302","326","306"
"2077",475174,"Yonder Alonso",2017,"2077","100.0","0.267","0.236","0.302","0.502","0.366","0.376","0.269","120","450","83.0","20.4","2226","87.7","87.09","255","976","1096","-0.6","5.93","116","158","121","152","293","321","300"
"2120",502054,"Tommy Pham",2017,"2120","100.0","0.306","0.214","0.368","0.520","0.398","0.375","0.272","136","444","83.2","10.7","2239","88.8","88.45","168","802","1305","-0.4","6.03","110","150","110","147","303","318","293"
"2645",543685,"Anthony Rendon",2017,"2645","100.0","0.301","0.232","0.314","0.533","0.394","0.375","0.276","153","508","83.9","21.4","2221","89.1","88.65","152","1068","1568","-0.5","6.10","109","151","113","147","300","316","293"
"2652",592178,"Kris Bryant",2017,"2652","100.0","0.295","0.242","0.334","0.537","0.399","0.375","0.254","162","549","81.4","18.1","2196","89.4","89.03","290","1205","1432","-0.4","6.09","107","152","115","145","301","320","296"
"2545",425783,"Shin-Soo Choo",2017,"2545","100.0","0.261","0.162","0.305","0.423","0.339","0.374","0.274","142","544","83.2","12.4","2210","88.4","88.06","246","1062","1466","-0.3","6.07","114","150","110","149","290","320","302"
"2584",476704,"Jed Lowrie",2017,"2584","100.0","0.277","0.171","0.314","0.448","0.347","0.374","0.294","157","567","82.0","21.5","2203","89.0","88.60","233","1242","1337","-0.4","6.02","113","151","111","148","288","317","295"
"2627",571448,"Nolan Arenado",2017,"2627","100.0","0.309","0.277","0.320","0.586","0.395","0.373","0.281","187","606","83.6","20.9","2238","88.8","88.41","295","1266","1356","-0.4","5.98","107","151","115","146","309","328","305"
"2356",489149,"Logan Morrison",2017,"2356","100.0","0.246","0.270","0.268","0.516","0.363","0.371","0.253","126","512","81.7","18.7","2260","88.4","87.83","312","1084","1267","-0.6","6.03","115","167","130","151","297","328","302"
"2560",547989,"Jose Abreu",2017,"2560","100.0","0.304","0.248","0.330","0.552","0.377","0.370","0.292","189","621","85.8","16.0","2281","88.5","88.21","278","1234","1311","-0.3","6.07","107","150","116","146","302","324","295"
"2174",502517,"Daniel Murphy",2017,"2174","100.0","0.322","0.221","0.341","0.543","0.385","0.370","0.306","172","534","85.2","20.2","2182","88.7","88.39","140","1024","1145","-0.3","6.12","114","151","117","150","293","318","300"
"2315",429664,"Robinson Cano",2017,"2315","100.0","0.280","0.172","0.294","0.453","0.334","0.369","0.304","166","592","85.0","13.8","2231","88.6","88.18","214","1204","1107","-0.4","6.04","112","149","120","150","292","321","301"
"2648",467793,"Carlos Santana",2017,"2648","100.0","0.259","0.196","0.274","0.455","0.350","0.368","0.270","148","571","84.3","16.6","2161","87.9","87.48","204","1059","1583","-0.4","6.04","112","158","120","147","296","322","300"
"2548",592518,"Manny Machado",2017,"2548","100.0","0.259","0.213","0.265","0.471","0.328","0.368","0.282","163","630","84.9","18.4","2247","88.5","87.76","273","1245","1298","-0.7","5.92","109","151","116","145","303","325","295"
"2332",434778,"Kendrys Morales",2017,"2332","100.0","0.250","0.196","0.278","0.445","0.320","0.367","0.281","139","557","85.4","15.4","2187","87.6","87.02","335","1156","1171","-0.6","5.97","113","163","131","149","297","328","303"
"2560",542303,"Marcell Ozuna",2017,"2560","100.0","0.312","0.237","0.355","0.548","0.388","0.366","0.278","191","613","82.9","13.1","2213","88.6","88.01","341","1269","1290","-0.6","6.03","107","151","116","146","305","322","298"
"2432",457803,"Jay Bruce",2017,"2432","100.0","0.254","0.254","0.274","0.508","0.350","0.366","0.267","141","555","82.4","19.2","2190","87.7","87.22","334","1210","1220","-0.5","6.04","115","161","129","150","297","321","304"
"2491",570267,"Domingo Santana",2017,"2491","100.0","0.278","0.227","0.363","0.505","0.372","0.362","0.269","146","525","82.4","12.5","2208","89.0","88.51","371","1153","1331","-0.5","6.00","110","151","113","147","303","315","292"
"2493",453943,"Todd Frazier",2017,"2493","100.0","0.213","0.215","0.226","0.428","0.335","0.361","0.235","101","474","81.6","23.1","2262","89.1","88.63","259","1004","1473","-0.5","6.05","106","151","116","145","300","324","292"
"2576",608070,"Jose Ramirez",2017,"2576","100.0","0.318","0.265","0.319","0.583","0.397","0.360","0.297","186","585","83.2","18.4","2185","88.1","87.68","152","1116","1457","-0.4","6.02","111","147","107","146","290","315","295"
"2205",641355,"Cody Bellinger",2017,"2205","100.0","0.267","0.315","0.299","0.581","0.380","0.360","0.246","128","480","84.2","21.3","2209","89.3","88.68","318","978","1219","-0.6","5.89","115","154","122","149","300","321","304"
"2621",457705,"Andrew McCutchen",2017,"2621","100.0","0.279","0.207","0.305","0.486","0.360","0.360","0.274","159","570","83.5","17.5","2189","89.1","88.71","249","1175","1439","-0.4","6.06","108","151","113","145","303","318","293"
"2695",457708,"Justin Upton",2017,"2695","100.0","0.273","0.268","0.341","0.540","0.378","0.360","0.249","152","557","82.3","20.9","2258","88.6","88.23","365","1196","1496","-0.4","6.07","107","151","116","146","302","325","296"
"2266",459964,"Matt Joyce",2017,"2266","100.0","0.243","0.230","0.263","0.473","0.343","0.360","0.256","114","469","82.7","17.9","2206","87.5","86.97","239","957","1302","-0.5","5.98","114","154","114","150","292","319","297"
"2573",543333,"Eric Hosmer",2017,"2573","100.0","0.318","0.179","0.351","0.498","0.376","0.360","0.291","192","603","83.9","9.3","2214","88.3","88.05","262","1210","1362","-0.3","6.08","113","150","117","150","297","325","308"
"1972",451594,"Dexter Fowler",2017,"1972","100.0","0.264","0.224","0.305","0.488","0.358","0.359","0.272","111","420","82.0","16.5","2184","88.5","88.08","190","848","1117","-0.4","5.99","114","149","108","150","296","318","296"
"1995",541645,"Avisail Garcia",2017,"1995","100.0","0.330","0.176","0.392","0.506","0.375","0.359","0.284","171","518","83.4","12.9","2280","88.6","88.31","345","1176","810","-0.3","6.11","107","150","115","146","301","323","293"
"2308",514888,"Jose Altuve",2017,"2308","100.0","0.346","0.202","0.370","0.547","0.405","0.358","0.281","204","590","81.0","13.3","2249","88.2","87.74","185","1099","1195","-0.5","6.02","105","148","106","145","295","319","287"
"1676",461314,"Matt Kemp",2017,"1676","100.0","0.276","0.187","0.318","0.463","0.328","0.358","0.291","121","438","83.2","12.2","2206","88.3","87.84","274","919","757","-0.5","5.98","108","152","116","147","304","320","294"
"2073",457763,"Buster Posey",2017,"2073","100.0","0.320","0.142","0.347","0.462","0.366","0.357","0.286","158","494","84.6","15.3","2227","89.0","88.56","146","917","1148","-0.4","6.04","108","151","116","147","300","321","293"
"2687",553993,"Eugenio Suarez",2017,"2687","100.0","0.260","0.200","0.309","0.461","0.356","0.357","0.260","139","534","79.9","15.5","2202","88.8","88.42","278","1134","1544","-0.4","6.12","108","150","114","145","299","316","289"
"2727",596019,"Francisco Lindor",2017,"2727","100.0","0.273","0.232","0.275","0.505","0.353","0.357","0.274","178","651","83.4","17.4","2211","88.1","87.66","198","1287","1430","-0.4","6.02","112","148","104","147","290","315","295"
"2024",446263,"Lucas Duda",2017,"2024","100.0","0.217","0.279","0.238","0.496","0.341","0.356","0.243","92","423","84.0","21.7","2204","88.1","87.63","217","813","1204","-0.5","6.06","116","166","134","151","296","324","305"
"2558",571875,"Jake Lamb",2017,"2558","100.0","0.248","0.239","0.287","0.487","0.353","0.355","0.250","133","536","82.4","16.5","2223","88.7","88.05","243","1018","1532","-0.7","5.92","113","153","123","149","300","324","306"
"2883",592885,"Christian Yelich",2017,"2883","100.0","0.282","0.156","0.336","0.439","0.348","0.355","0.273","170","602","84.4","9.9","2180","88.6","87.93","271","1223","1652","-0.7","6.02","113","148","112","149","295","317","301"
"2119",624577,"Yasiel Puig",2017,"2119","100.0","0.263","0.224","0.274","0.487","0.349","0.355","0.260","131","499","82.7","14.4","2227","89.8","89.21","242","979","1134","-0.6","5.95","107","151","115","146","303","319","297"
"1737",521692,"Salvador Perez",2017,"1737","100.0","0.268","0.227","0.280","0.495","0.329","0.354","0.276","126","471","83.9","20.7","2222","87.7","87.45","213","1021","711","-0.3","6.08","106","150","115","145","301","324","298"
"2084",434670,"Hanley Ramirez",2017,"2084","100.0","0.242","0.188","0.272","0.429","0.318","0.354","0.267","120","496","82.6","18.5","2260","89.4","88.84","256","1001","1077","-0.6","5.99","109","151","117","146","293","324","298"
"1974",593934,"Miguel Sano",2017,"1974","100.0","0.264","0.243","0.375","0.507","0.361","0.353","0.239","112","424","85.3","17.4","2254","87.8","87.17","379","959","1011","-0.6","5.97","107","152","117","146","302","325","297"
"1550",460075,"Ryan Braun",2017,"1550","100.0","0.268","0.218","0.292","0.487","0.347","0.352","0.268","102","380","83.4","12.2","2197","89.7","89.21","177","804","740","-0.5","6.04","108","150","114","146","305","319","293"
"2565",572122,"Kyle Seager",2017,"2565","100.0","0.249","0.201","0.262","0.450","0.327","0.352","0.261","144","578","83.4","20.6","2220","87.7","87.22","230","1097","1457","-0.5","6.00","114","160","117","150","290","320","299"
"1656",400121,"Victor Martinez",2017,"1656","100.0","0.255","0.117","0.280","0.372","0.303","0.351","0.277","100","392","84.2","16.2","2199","87.5","87.06","124","773","877","-0.4","6.02","115","167","126","151","293","322","300"
"1708",435522,"Neil Walker",2017,"1708","100.0","0.265","0.174","0.297","0.439","0.346","0.350","0.265","102","385","81.6","18.2","2180","89.0","88.46","147","714","989","-0.5","6.04","114","151","114","150","294","316","298"
"2110",656941,"Kyle Schwarber",2017,"2110","100.0","0.211","0.256","0.244","0.467","0.333","0.348","0.222","89","422","83.8","23.9","2185","88.8","88.41","279","937","1164","-0.4","6.05","119","162","124","150","295","318","301"
"2302",608324,"Alex Bregman",2017,"2302","100.0","0.284","0.191","0.311","0.475","0.351","0.347","0.276","158","556","83.0","21.1","2253","88.4","87.96","170","1030","1264","-0.4","6.02","108","149","110","146","295","319","286"
"1998",425877,"Yadier Molina",2017,"1998","100.0","0.273","0.166","0.285","0.439","0.316","0.347","0.284","137","501","83.0","20.4","2230","89.3","88.82","197","1050","941","-0.5","6.00","110","151","114","148","303","316","289"
"1822",543257,"Robbie Grossman",2017,"1822","100.0","0.246","0.134","0.287","0.380","0.329","0.347","0.265","94","382","80.0","16.6","2192","88.7","88.17","122","700","1117","-0.5","6.04","110","148","108","147","290","316","291"
"2827",572821,"Brian Dozier",2017,"2827","100.0","0.271","0.227","0.300","0.498","0.362","0.347","0.244","167","617","83.0","21.0","2260","88.7","88.13","290","1174","1639","-0.6","6.01","107","151","108","144","297","320","290"
"1606",575929,"Willson Contreras",2017,"1606","100.0","0.276","0.223","0.319","0.499","0.362","0.347","0.252","104","377","81.5","12.3","2194","89.0","88.56","231","759","832","-0.4","6.07","108","151","110","146","298","317","293"
"1886",594988,"Scott Schebler",2017,"1886","100.0","0.233","0.252","0.248","0.484","0.330","0.347","0.252","110","473","82.5","16.6","2192","88.2","87.71","290","988","879","-0.5","6.08","116","153","121","150","295","318","297"
"2240",519058,"Mike Moustakas",2017,"2240","100.0","0.272","0.249","0.263","0.521","0.345","0.346","0.272","151","555","81.8","24.0","2209","87.7","87.39","261","1246","988","-0.3","6.05","115","158","122","150","297","324","303"
"2676",518934,"DJ LeMahieu",2017,"2676","100.0","0.310","0.099","0.351","0.409","0.342","0.345","0.302","189","609","83.7","9.4","2224","89.8","89.52","141","1106","1555","-0.3","6.00","109","149","109","148","311","322","294"
"1648",461235,"Brandon Moss",2017,"1648","100.0","0.207","0.221","0.248","0.428","0.301","0.345","0.236","75","362","82.7","22.5","2195","87.9","87.70","283","795","852","-0.2","6.07","113","159","127","150","298","325","303"
"2342",519346,"Eric Thames",2017,"2342","100.0","0.248","0.271","0.309","0.519","0.370","0.345","0.228","116","468","82.3","17.5","2171","88.8","88.28","320","1013","1322","-0.5","5.97","117","154","125","150","298","317","300"
"2421",466320,"Melky Cabrera",2017,"2421","100.0","0.285","0.137","0.299","0.423","0.319","0.344","0.303","177","620","83.4","14.7","2196","88.9","88.61","150","1116","1300","-0.3","6.08","111","148","109","147","291","318","295"
"2076",501896,"David Freese",2017,"2076","100.0","0.263","0.108","0.336","0.371","0.326","0.344","0.257","112","426","82.8","10.0","2193","89.1","88.75","209","900","1161","-0.3","6.06","110","150","114","147","304","318","291"
"2037",502210,"Josh Reddick",2017,"2037","100.0","0.314","0.170","0.339","0.484","0.357","0.342","0.287","150","477","83.2","21.5","2203","88.2","87.76","140","896","1137","-0.4","6.03","114","150","111","149","288","320","296"
"2280",641820,"Trey Mancini",2017,"2280","100.0","0.293","0.195","0.352","0.488","0.349","0.342","0.264","159","543","82.5","11.3","2237","87.9","87.17","330","1160","1114","-0.7","5.90","108","151","116","146","303","324","292"
"2382",434158,"Curtis Granderson",2017,"2382","100.0","0.212","0.241","0.228","0.452","0.330","0.342","0.224","95","449","83.2","20.7","2187","88.5","87.97","176","911","1463","-0.5","6.01","114","155","119","149","294","319","300"
"2062",452678,"Asdrubal Cabrera",2017,"2062","100.0","0.280","0.154","0.310","0.434","0.338","0.342","0.270","134","479","81.0","16.1","2172","88.2","87.83","183","965","1088","-0.4","6.10","112","150","110","150","291","316","297"
"2490",519306,"Steven Souza Jr.",2017,"2490","100.0","0.239","0.220","0.302","0.459","0.348","0.341","0.227","125","523","81.5","16.4","2255","88.8","88.17","350","1091","1384","-0.6","6.02","108","152","113","146","300","326","295"
"1739",572041,"A.J. Pollock",2017,"1739","100.0","0.266","0.205","0.291","0.471","0.340","0.341","0.272","113","425","83.0","10.5","2260","88.3","87.64","139","737","995","-0.7","5.90","107","150","107","146","303","320","296"
"2804",605141,"Mookie Betts",2017,"2804","100.0","0.264","0.194","0.268","0.459","0.339","0.341","0.268","166","628","83.6","17.0","2252","89.0","88.44","158","1007","1794","-0.6","5.99","108","150","112","145","290","321","294"
"2125",446359,"Zack Cozart",2017,"2125","100.0","0.297","0.251","0.312","0.548","0.392","0.339","0.260","130","438","81.7","16.3","2196","88.6","88.24","139","868","1249","-0.4","6.11","109","149","111","145","296","315","287"
"1733",407812,"Matt Holliday",2017,"1733","100.0","0.231","0.201","0.273","0.432","0.320","0.338","0.237","86","373","82.5","16.3","2246","88.9","88.20","222","769","961","-0.7","5.97","108","152","118","147","305","327","292"
"2268",621035,"Chris Taylor",2017,"2268","100.0","0.288","0.208","0.361","0.496","0.361","0.338","0.261","148","514","81.3","17.1","2235","88.9","88.30","263","1032","1225","-0.6","5.92","108","150","107","146","299","315","291"
"2515",456715,"Lorenzo Cain",2017,"2515","100.0","0.300","0.140","0.340","0.440","0.347","0.338","0.284","175","584","81.7","13.3","2225","88.9","88.75","245","1240","1268","-0.1","6.11","107","150","112","146","301","320","290"
"1618",664023,"Ian Happ",2017,"1618","100.0","0.253","0.261","0.316","0.514","0.349","0.337","0.240","92","364","81.2","18.4","2157","89.5","89.14","274","797","815","-0.4","6.06","112","148","112","148","294","314","297"
"2006",500871,"Eduardo Escobar",2017,"2006","100.0","0.254","0.195","0.279","0.449","0.320","0.337","0.257","116","457","80.4","20.8","2200","88.5","88.08","236","1049","949","-0.4","6.05","111","148","106","147","289","314","290"
"1593",571437,"Aaron Altherr",2017,"1593","100.0","0.272","0.245","0.328","0.516","0.359","0.337","0.248","101","372","83.3","14.2","2220","88.8","88.33","212","708","878","-0.5","6.09","107","151","114","147","297","318","293"
"2551",605137,"Josh Bell",2017,"2551","100.0","0.255","0.211","0.278","0.466","0.338","0.337","0.262","140","549","82.2","14.2","2162","89.1","88.67","261","1112","1437","-0.4","6.04","115","151","115","149","299","318","297"
"2533",643217,"Andrew Benintendi",2017,"2533","100.0","0.271","0.154","0.301","0.424","0.332","0.337","0.260","155","573","81.7","20.4","2208","88.7","88.19","214","1113","1410","-0.5","5.99","113","146","108","148","282","318","301"
"2396",543768,"Travis Shaw",2017,"2396","100.0","0.273","0.240","0.312","0.513","0.361","0.336","0.254","147","538","83.3","19.0","2205","88.6","88.08","229","1081","1306","-0.5","6.02","115","155","120","150","298","317","300"
"1595",460576,"Carlos Gomez",2017,"1595","100.0","0.255","0.207","0.336","0.462","0.343","0.335","0.243","94","368","80.9","19.6","2248","88.4","87.97","268","888","679","-0.4","6.03","105","150","108","146","302","322","294"
"2118",448801,"Chris Davis",2017,"2118","100.0","0.215","0.208","0.301","0.423","0.312","0.335","0.224","98","456","84.2","17.6","2249","88.4","87.54","320","906","1207","-0.9","5.86","116","167","134","149","298","327","301"
"2544",570731,"Jonathan Schoop",2017,"2544","100.0","0.293","0.211","0.330","0.503","0.355","0.334","0.271","182","622","82.0","17.4","2232","88.4","87.66","374","1333","1200","-0.7","5.93","108","150","115","145","300","323","293"
"1921",523253,"Logan Forsythe",2017,"1921","100.0","0.224","0.102","0.299","0.327","0.307","0.334","0.232","81","361","84.0","16.0","2244","89.6","88.97","144","623","1294","-0.6","5.94","109","151","111","146","299","313","290"
"2417",435079,"Ian Kinsler",2017,"2417","100.0","0.236","0.176","0.244","0.412","0.313","0.334","0.256","130","551","82.5","22.2","2244","88.7","88.35","166","1071","1336","-0.3","6.09","109","153","110","147","297","321","288"
"1933",493329,"Yuli Gurriel",2017,"1933","100.0","0.299","0.187","0.308","0.486","0.345","0.333","0.287","158","529","85.1","13.8","2245","88.4","87.85","164","932","991","-0.5","6.01","107","150","115","146","296","322","291"
"1757",657557,"Paul DeJong",2017,"1757","100.0","0.285","0.247","0.349","0.532","0.359","0.333","0.258","119","417","80.5","21.6","2235","88.5","88.30","253","906","847","-0.2","6.04","108","150","112","146","302","317","294"
"2521",594777,"Kole Calhoun",2017,"2521","100.0","0.244","0.148","0.284","0.392","0.314","0.333","0.252","139","569","81.8","15.1","2206","88.4","87.94","311","1204","1302","-0.5","5.99","115","154","111","149","293","321","302"
"1907",576397,"Jedd Gyorko",2017,"1907","100.0","0.272","0.200","0.312","0.472","0.344","0.332","0.243","116","426","82.1","19.0","2232","88.3","87.83","234","916","989","-0.5","5.98","109","151","115","147","303","318","294"
"1692",545341,"Randal Grichuk",2017,"1692","100.0","0.238","0.235","0.293","0.473","0.315","0.332","0.240","98","412","83.7","21.0","2231","88.7","88.27","257","867","823","-0.4","5.97","108","151","113","146","303","319","295"
"1800",572287,"Mike Zunino",2017,"1800","100.0","0.251","0.258","0.355","0.509","0.355","0.332","0.222","97","387","82.5","23.0","2257","89.2","88.74","341","891","901","-0.5","6.06","105","150","116","145","297","319","293"
"2486",405395,"Albert Pujols",2017,"2486","100.0","0.241","0.145","0.249","0.386","0.286","0.331","0.273","143","593","84.7","16.4","2248","88.1","87.64","241","1172","1311","-0.5","5.99","106","152","119","146","306","326","299"
"2171",592663,"J.T. Realmuto",2017,"2171","100.0","0.278","0.173","0.318","0.451","0.332","0.331","0.268","148","532","83.0","15.2","2210","89.1","88.46","201","1047","1114","-0.6","6.05","108","150","112","146","302","316","292"
"1705",445055,"Jon Jay",2017,"1705","100.0","0.296","0.079","0.368","0.375","0.330","0.331","0.282","112","379","79.3","12.6","2186","88.8","88.47","181","878","809","-0.3","6.07","116","148","103","149","282","308","296"
"2890",458731,"Brett Gardner",2017,"2890","100.0","0.264","0.163","0.300","0.428","0.336","0.331","0.261","157","594","81.6","14.7","2220","89.0","88.42","162","1038","1832","-0.6","6.01","110","148","99","148","282","316","294"
"1599",571745,"Mitch Haniger",2017,"1599","100.0","0.282","0.209","0.338","0.491","0.360","0.331","0.250","104","369","82.3","15.8","2255","88.5","88.09","153","671","917","-0.4","6.03","105","149","111","145","297","315","287"
"1939",450314,"Ben Zobrist",2017,"1939","100.0","0.232","0.143","0.251","0.375","0.302","0.330","0.259","101","435","82.2","12.3","2155","89.3","88.90","105","761","1167","-0.4","6.05","114","148","108","149","291","314","295"
"2717",455976,"Nick Markakis",2017,"2717","100.0","0.275","0.110","0.324","0.384","0.321","0.330","0.275","163","593","83.6","15.4","2184","88.8","88.31","172","1105","1606","-0.5","5.98","114","149","113","150","290","315","298"
"2155",592696,"Eddie Rosario",2017,"2155","100.0","0.290","0.218","0.312","0.507","0.349","0.330","0.259","157","542","81.8","18.2","2223","87.8","87.27","286","1184","961","-0.5","6.03","112","147","103","148","289","318","297"
"1683",593528,"Jorge Bonifacio",2017,"1683","100.0","0.255","0.177","0.324","0.432","0.323","0.330","0.249","98","384","81.0","19.4","2225","88.7","88.46","273","886","794","-0.2","6.06","108","150","114","146","301","321","291"
"1756",624428,"Adam Frazier",2017,"1756","100.0","0.276","0.123","0.306","0.399","0.322","0.330","0.281","112","406","80.6","14.6","2188","89.0","88.54","108","803","940","-0.5","5.99","116","148","102","148","286","309","295"
"1843",456030,"Dustin Pedroia",2017,"1843","100.0","0.293","0.099","0.315","0.392","0.331","0.328","0.279","119","406","81.4","15.3","2252","89.3","88.71","85","764","1072","-0.6","5.99","108","149","112","146","290","316","287"
"1834",518618,"Derek Dietrich",2017,"1834","100.0","0.249","0.175","0.295","0.425","0.324","0.328","0.252","101","405","80.9","19.9","2180","89.3","88.77","169","851","964","-0.5","6.07","115","148","110","150","290","315","298"
"1645",488771,"Jason Castro",2017,"1645","100.0","0.242","0.146","0.318","0.388","0.315","0.328","0.243","86","356","81.1","16.3","2241","88.6","88.03","225","733","905","-0.6","6.05","114","151","115","148","286","316","298"
"2669",571976,"Wil Myers",2017,"2669","100.0","0.243","0.220","0.297","0.464","0.335","0.328","0.229","138","567","83.1","19.3","2266","88.5","87.72","305","1177","1484","-0.8","5.91","108","151","115","145","303","323","300"
"2114",503556,"Marwin Gonzalez",2017,"2114","100.0","0.303","0.226","0.343","0.529","0.381","0.327","0.250","138","456","82.7","13.4","2185","87.3","86.80","182","891","1211","-0.5","6.00","111","148","108","149","291","322","293"
"2470",448602,"Mark Reynolds",2017,"2470","100.0","0.267","0.219","0.343","0.487","0.358","0.327","0.230","139","520","81.0","18.1","2250","88.2","87.92","377","1100","1368","-0.3","5.96","107","152","115","146","309","328","303"
"1542",571466,"Tucker Barnhart",2017,"1542","100.0","0.270","0.132","0.312","0.403","0.317","0.326","0.276","100","370","80.8","12.6","2153","88.5","88.18","140","735","801","-0.3","6.13","112","148","111","148","289","313","292"
"2313",542921,"Tim Beckham",2017,"2313","100.0","0.278","0.176","0.365","0.454","0.334","0.326","0.254","148","533","81.1","13.5","2236","88.2","87.53","362","1166","1137","-0.7","5.96","109","151","109","146","299","323","290"
"2032",452655,"Denard Span",2017,"2032","100.0","0.272","0.155","0.295","0.427","0.325","0.325","0.273","135","497","79.7","14.4","2219","88.8","88.28","105","887","1132","-0.5","5.97","113","148","99","149","284","314","297"
"1868",518960,"Jonathan Lucroy",2017,"1868","100.0","0.265","0.106","0.286","0.371","0.311","0.324","0.271","112","423","81.4","15.0","2252","89.7","89.40","83","778","1080","-0.3","6.06","107","150","113","147","303","320","289"
"1702",472528,"Luis Valbuena",2017,"1702","100.0","0.199","0.233","0.210","0.432","0.308","0.324","0.211","69","347","82.7","22.5","2191","88.2","87.89","215","750","948","-0.3","5.99","114","158","116","149","294","321","303"
"2369",593160,"Whit Merrifield",2017,"2369","100.0","0.288","0.172","0.308","0.460","0.332","0.324","0.264","169","587","82.5","20.4","2240","88.3","88.08","210","1198","1160","-0.2","6.07","105","149","102","146","300","316","286"
"2331",452104,"Chase Headley",2017,"2331","100.0","0.273","0.133","0.341","0.406","0.329","0.324","0.253","140","512","80.8","13.8","2185","88.4","87.88","269","1032","1289","-0.5","6.02","113","155","114","149","291","318","293"
"1504",543939,"Kolten Wong",2017,"1504","100.0","0.285","0.127","0.331","0.412","0.336","0.322","0.262","101","354","79.7","12.1","2223","88.7","88.24","132","687","795","-0.5","5.96","112","148","102","150","290","313","295"
"2445",608577,"Nomar Mazara",2017,"2445","100.0","0.253","0.170","0.293","0.422","0.318","0.322","0.248","140","554","83.5","14.3","2206","88.1","87.77","290","1127","1312","-0.3","6.09","115","151","118","150","293","323","302"
"1932",571697,"Scooter Gennett",2017,"1932","100.0","0.295","0.236","0.339","0.531","0.367","0.322","0.254","136","461","81.3","17.9","2191","88.7","88.38","205","944","975","-0.3","6.13","113","147","109","149","289","315","296"
"2279",592387,"Ryon Healy",2017,"2279","100.0","0.271","0.181","0.319","0.451","0.320","0.322","0.257","156","576","83.4","15.8","2257","88.0","87.49","291","1083","1190","-0.5","5.95","107","151","116","146","302","324","294"
"2285",430945,"Adam Jones",2017,"2285","100.0","0.285","0.181","0.312","0.466","0.334","0.321","0.262","170","597","81.7","17.8","2236","88.2","87.41","325","1329","944","-0.8","5.89","109","151","112","146","301","323","291"
"1729",518792,"Jason Heyward",2017,"1729","100.0","0.259","0.130","0.284","0.389","0.311","0.321","0.259","112","432","81.8","15.9","2182","89.9","89.53","132","803","922","-0.4","6.06","116","149","112","150","291","316","299"
"2316",514917,"Cesar Hernandez",2017,"2316","100.0","0.294","0.127","0.353","0.421","0.346","0.321","0.256","150","511","79.9","9.6","2181","88.7","88.22","196","934","1360","-0.5","6.10","109","148","97","148","283","309","289"
"2033",598265,"Jackie Bradley Jr.",2017,"2033","100.0","0.245","0.158","0.294","0.402","0.313","0.320","0.238","118","482","83.3","15.4","2200","88.5","87.98","283","957","1067","-0.5","6.00","111","147","110","149","286","320","302"
"1536",467827,"Gerardo Parra",2017,"1536","100.0","0.309","0.143","0.343","0.452","0.337","0.319","0.274","121","392","80.8","11.6","2178","88.7","88.52","154","785","733","-0.2","6.03","113","148","105","148","296","320","305"
"2132",435063,"Mike Napoli",2017,"2132","100.0","0.193","0.235","0.225","0.428","0.302","0.318","0.204","82","425","83.3","26.4","2223","89.2","88.81","318","921","1204","-0.4","6.07","107","151","116","146","303","326","298"
"1563",453056,"Jacoby Ellsbury",2017,"1563","100.0","0.264","0.138","0.304","0.402","0.326","0.317","0.255","94","356","80.9","12.4","2213","88.8","88.22","122","670","883","-0.6","6.04","110","147","102","148","282","315","294"
"2144",444482,"David Peralta",2017,"2144","100.0","0.293","0.150","0.333","0.444","0.342","0.317","0.259","154","525","82.6","11.6","2224","88.8","88.24","227","1041","1096","-0.6","5.93","115","150","112","149","296","320","304"
"1650",543543,"Brad Miller",2017,"1650","100.0","0.201","0.136","0.265","0.337","0.294","0.317","0.212","68","338","80.6","17.9","2238","89.2","88.54","236","754","893","-0.7","6.01","115","150","112","150","290","324","300"
"2029",543281,"Josh Harrison",2017,"2029","100.0","0.272","0.160","0.303","0.432","0.332","0.317","0.253","132","486","80.3","20.6","2218","88.9","88.44","234","1068","929","-0.5","6.00","108","151","103","146","300","314","289"
"1847",592273,"Brandon Drury",2017,"1847","100.0","0.267","0.180","0.320","0.447","0.325","0.317","0.258","119","445","82.5","10.1","2244","88.7","88.10","198","839","1001","-0.6","5.94","108","150","112","146","303","320","295"
"2493",572816,"Corey Dickerson",2017,"2493","100.0","0.282","0.207","0.338","0.490","0.341","0.316","0.252","166","588","81.1","22.2","2228","88.9","88.32","418","1464","1023","-0.6","6.02","115","151","117","151","292","324","301"
"2172",543063,"Brandon Crawford",2017,"2172","100.0","0.253","0.151","0.293","0.403","0.301","0.316","0.249","131","518","82.3","17.4","2192","88.2","87.68","312","1114","1054","-0.5","6.01","113","147","109","149","294","320","302"
"2182",605412,"Joe Panik",2017,"2182","100.0","0.288","0.133","0.301","0.421","0.329","0.315","0.261","147","511","81.0","15.2","2173","88.6","88.01","105","944","1231","-0.6","5.99","115","148","105","149","287","317","300"
"2492",446334,"Evan Longoria",2017,"2492","100.0","0.261","0.163","0.282","0.424","0.313","0.314","0.249","160","613","82.0","17.6","2259","88.5","87.89","259","1241","1245","-0.6","5.99","107","151","116","146","301","327","296"
"2547",462101,"Elvis Andrus",2017,"2547","100.0","0.297","0.174","0.325","0.471","0.344","0.313","0.262","191","643","81.2","12.3","2241","88.5","88.10","235","1200","1338","-0.4","6.06","105","148","105","145","299","317","287"
"2186",516416,"Jean Segura",2017,"2186","100.0","0.300","0.128","0.339","0.427","0.334","0.313","0.264","157","524","81.1","13.1","2254","89.2","88.79","171","1076","1100","-0.4","6.09","108","150","105","147","297","314","283"
"1694",607208,"Trea Turner",2017,"1694","100.0","0.284","0.167","0.329","0.451","0.338","0.313","0.251","117","412","84.0","11.8","2179","88.7","88.44","168","737","942","-0.3","6.15","106","150","102","146","298","315","291"
"2180",546318,"Odubel Herrera",2017,"2180","100.0","0.281","0.171","0.345","0.452","0.329","0.311","0.260","148","526","81.2","14.3","2187","88.9","88.48","309","1157","1013","-0.4","6.13","113","148","102","150","285","315","295"
"1773",500208,"Yangervis Solarte",2017,"1773","100.0","0.255","0.161","0.258","0.416","0.311","0.310","0.252","119","466","81.0","16.7","2190","88.6","87.88","144","912","855","-0.7","5.94","112","153","112","149","294","318","297"
"2108",408252,"Brandon Phillips",2017,"2108","100.0","0.285","0.131","0.308","0.416","0.316","0.310","0.277","163","572","78.5","12.5","2219","88.4","87.92","239","1183","914","-0.5","6.00","108","150","111","147","302","315","286"
"2334",596748,"Maikel Franco",2017,"2334","100.0","0.230","0.179","0.234","0.409","0.292","0.310","0.249","132","575","83.6","14.8","2204","88.4","87.96","262","1174","1157","-0.4","6.12","107","151","115","147","296","319","293"
"1839",516770,"Starlin Castro",2017,"1839","100.0","0.300","0.153","0.347","0.454","0.338","0.310","0.259","133","443","81.4","13.5","2253","88.1","87.47","213","918","917","-0.6","5.96","109","152","115","147","302","322","288"
"2220",607680,"Kevin Pillar",2017,"2220","100.0","0.256","0.148","0.280","0.404","0.302","0.310","0.264","150","587","80.1","15.9","2252","88.7","88.05","190","1153","1056","-0.7","5.97","104","148","105","145","296","320","288"
"2977",430832,"Jose Bautista",2017,"2977","100.0","0.203","0.164","0.239","0.366","0.295","0.309","0.211","119","587","82.4","21.9","2268","88.2","87.58","347","1220","1748","-0.6","5.97","108","152","117","145","299","327","301"
"2026",571830,"Tommy Joseph",2017,"2026","100.0","0.240","0.192","0.280","0.432","0.305","0.309","0.245","119","495","83.8","18.0","2217","88.8","88.26","267","1005","1019","-0.5","6.09","107","152","116","147","296","318","292"
"2136",452254,"Hunter Pence",2017,"2136","100.0","0.260","0.126","0.301","0.385","0.303","0.308","0.238","128","493","84.3","11.4","2234","89.0","88.53","258","958","1176","-0.5","6.00","107","150","114","146","301","321","295"
"2295",592743,"Andrelton Simmons",2017,"2295","100.0","0.278","0.143","0.291","0.421","0.323","0.308","0.259","164","589","81.4","11.8","2247","88.0","87.47","143","1053","1229","-0.5","5.95","106","150","105","146","301","320","290"
"1855",571602,"Matt Davidson",2017,"1855","100.0","0.220","0.232","0.285","0.452","0.297","0.308","0.217","91","414","82.7","22.6","2282","88.3","87.86","326","898","952","-0.4","6.06","107","151","114","146","299","322","293"
"1856",592669,"Hunter Renfroe",2017,"1856","100.0","0.231","0.236","0.275","0.467","0.316","0.307","0.225","103","445","82.9","19.7","2277","88.3","87.53","295","892","958","-0.8","5.92","108","152","116","146","302","321","298"
"1941",471865,"Carlos Gonzalez",2017,"1941","100.0","0.262","0.162","0.318","0.423","0.327","0.307","0.235","123","470","81.9","11.2","2195","88.7","88.42","310","967","967","-0.3","6.00","115","157","121","149","306","328","309"
"2484",594807,"Adam Duvall",2017,"2484","100.0","0.249","0.232","0.290","0.480","0.327","0.306","0.225","146","587","81.5","22.8","2206","88.9","88.53","312","1196","1278","-0.4","6.12","106","150","115","144","299","318","293"
"2187",474568,"Jordy Mercer",2017,"2187","100.0","0.255","0.151","0.284","0.406","0.308","0.304","0.254","128","502","81.6","15.1","2220","88.8","88.24","143","915","1267","-0.6","5.99","110","150","110","147","301","313","286"
"2200",460086,"Alex Gordon",2017,"2200","100.0","0.208","0.107","0.261","0.315","0.269","0.303","0.228","99","476","81.0","17.4","2214","88.1","87.77","241","1042","1142","-0.3","6.05","113","154","115","150","292","320","301"
"2000",502143,"Danny Valencia",2017,"2000","100.0","0.256","0.156","0.312","0.411","0.311","0.303","0.241","115","450","83.8","14.0","2249","87.7","87.24","256","856","1142","-0.5","6.03","107","150","116","146","298","320","292"
"1544",570256,"Gregory Polanco",2017,"1544","100.0","0.251","0.140","0.272","0.391","0.297","0.303","0.254","95","379","81.1","16.2","2182","88.6","88.06","148","769","767","-0.5","6.02","115","150","113","150","297","317","297"
"2128",596146,"Max Kepler",2017,"2128","100.0","0.243","0.182","0.276","0.425","0.315","0.302","0.239","124","511","82.2","16.1","2203","88.3","87.71","205","915","1200","-0.6","6.02","115","149","110","149","291","319","297"
"1915",542979,"Keon Broxton",2017,"1915","100.0","0.220","0.200","0.323","0.420","0.308","0.301","0.209","91","414","79.9","14.2","2226","88.6","88.01","361","878","1026","-0.6","5.98","108","150","106","146","302","315","289"
"1630",572191,"Michael A. Taylor",2017,"1630","100.0","0.271","0.216","0.363","0.486","0.338","0.300","0.226","108","399","81.4","15.7","2188","88.4","88.06","268","801","821","-0.3","6.13","106","150","105","146","299","317","294"
"2309",444432,"Mark Trumbo",2017,"2309","100.0","0.234","0.163","0.278","0.397","0.295","0.299","0.232","131","559","83.5","18.4","2243","88.3","87.53","342","1145","1163","-0.8","5.88","108","152","117","146","302","326","295"
"1916",518735,"Yasmani Grandal",2017,"1916","100.0","0.247","0.212","0.298","0.459","0.325","0.299","0.222","108","438","82.0","20.0","2168","88.6","88.02","248","887","1020","-0.6","5.93","114","157","119","150","300","319","302"
"1774",446308,"Matt Wieters",2017,"1774","100.0","0.225","0.118","0.264","0.344","0.273","0.298","0.239","95","422","80.0","17.2","2164","88.5","88.16","181","870","901","-0.3","6.10","113","154","119","150","293","317","299"
"2284",596115,"Trevor Story",2017,"2284","100.0","0.239","0.219","0.332","0.457","0.323","0.295","0.210","120","503","81.7","22.4","2249","88.8","88.51","346","1098","1182","-0.3","5.98","107","151","113","146","310","326","303"
"2188",592325,"Ben Gamel",2017,"2188","100.0","0.275","0.138","0.340","0.413","0.315","0.295","0.248","140","509","81.6","14.4","2219","88.4","87.95","205","977","1208","-0.4","6.05","112","147","105","148","283","313","296"
"2026",622534,"Manuel Margot",2017,"2026","100.0","0.263","0.146","0.309","0.409","0.309","0.294","0.246","128","487","79.6","15.7","2251","88.6","87.88","198","923","1097","-0.7","5.92","108","150","103","146","299","316","290"
"2074",408314,"Jose Reyes",2017,"2074","100.0","0.246","0.168","0.263","0.413","0.312","0.294","0.239","123","501","79.3","19.5","2158","88.6","88.22","166","933","1135","-0.4","6.10","108","148","99","149","285","311","294"
"1838",457727,"Cameron Maybin",2017,"1838","100.0","0.228","0.137","0.274","0.365","0.300","0.293","0.220","90","395","81.9","10.2","2243","88.9","88.46","160","684","1147","-0.4","6.00","106","149","104","145","301","319","288"
"2069",544369,"Didi Gregorius",2017,"2069","100.0","0.287","0.191","0.287","0.478","0.335","0.293","0.256","153","534","80.0","21.8","2226","88.7","88.14","263","1205","857","-0.6","6.00","113","148","105","149","286","319","294"
"1856",606299,"Jose Peraza",2017,"1856","100.0","0.259","0.066","0.293","0.324","0.273","0.291","0.267","126","487","77.2","15.3","2199","89.0","88.62","146","947","890","-0.4","6.09","107","149","102","146","295","307","277"
"2641",520471,"Freddy Galvis",2017,"2641","100.0","0.255","0.127","0.292","0.382","0.298","0.291","0.240","155","608","81.0","18.7","2181","88.8","88.33","228","1278","1345","-0.5","6.10","109","148","99","149","287","313","291"
"1928",136860,"Carlos Beltran",2017,"1928","100.0","0.231","0.152","0.263","0.383","0.283","0.291","0.234","108","467","82.8","18.4","2220","88.1","87.62","183","922","1002","-0.5","5.99","113","157","124","150","291","323","295"
"2405",596059,"Rougned Odor",2017,"2405","100.0","0.204","0.193","0.224","0.397","0.272","0.290","0.225","124","607","83.3","21.4","2215","87.7","87.26","330","1269","1125","-0.4","6.04","114","152","113","150","296","324","301"
"1845",595879,"Javier Baez",2017,"1845","100.0","0.273","0.207","0.345","0.480","0.326","0.290","0.228","128","469","82.9","15.0","2200","88.6","88.22","378","1037","799","-0.4","6.06","107","151","110","145","298","316","294"
"2065",593871,"Jorge Polanco",2017,"2065","100.0","0.256","0.154","0.278","0.410","0.309","0.290","0.235","125","488","80.2","18.4","2189","88.7","88.23","131","890","1156","-0.5","6.05","108","146","100","146","288","315","291"
"2188",621020,"Dansby Swanson",2017,"2188","100.0","0.232","0.092","0.292","0.324","0.276","0.289","0.233","113","488","82.1","12.5","2214","88.3","87.75","231","972","1214","-0.5","5.98","108","150","108","147","299","312","285"
"1666",595281,"Kevin Kiermaier",2017,"1666","100.0","0.276","0.174","0.337","0.450","0.337","0.288","0.222","105","380","79.8","14.5","2236","88.3","87.65","212","792","853","-0.7","6.01","107","146","99","148","286","321","297"
"1991",621439,"Byron Buxton",2017,"1991","100.0","0.253","0.160","0.339","0.413","0.312","0.287","0.221","117","462","79.9","18.2","2264","88.6","88.08","300","961","1000","-0.5","6.08","101","146","98","142","296","316","286"
"2539",542255,"Ender Inciarte",2017,"2539","100.0","0.304","0.106","0.339","0.409","0.328","0.287","0.254","201","662","78.2","14.3","2163","88.9","88.41","193","1326","1189","-0.5","5.99","110","147","96","147","281","310","295"
"1984",606115,"Orlando Arcia",2017,"1984","100.0","0.277","0.130","0.317","0.407","0.309","0.286","0.245","140","506","80.5","12.6","2212","88.0","87.44","275","1068","901","-0.6","5.99","106","148","104","146","300","312","287"
"2544",593428,"Xander Bogaerts",2017,"2544","100.0","0.273","0.130","0.327","0.403","0.322","0.286","0.236","156","571","81.0","12.7","2253","88.6","88.05","222","1065","1472","-0.6","5.99","108","150","112","146","291","316","289"
"1567",541650,"Hernan Perez",2017,"1567","100.0","0.259","0.155","0.286","0.414","0.298","0.286","0.247","112","432","79.7","13.3","2212","88.8","88.24","189","816","742","-0.6","5.99","108","150","107","146","301","313","288"
"1777",455117,"Martin Maldonado",2017,"1777","100.0","0.221","0.147","0.273","0.368","0.279","0.284","0.218","95","429","79.1","15.4","2231","88.2","87.76","235","871","878","-0.4","5.99","107","150","112","146","301","319","289"
"2004",570560,"Yolmer Sanchez",2017,"2004","100.0","0.267","0.147","0.321","0.413","0.313","0.284","0.234","129","484","79.6","16.2","2207","88.8","88.50","239","1000","989","-0.3","6.10","108","146","99","146","283","313","291"
"1794",605486,"Cory Spangenberg",2017,"1794","100.0","0.264","0.137","0.342","0.401","0.313","0.283","0.222","117","444","80.5","14.7","2226","88.4","87.66","230","874","900","-0.7","5.91","110","146","101","148","286","314","298"
"1721",456488,"Eduardo Nunez",2017,"1721","100.0","0.313","0.148","0.333","0.460","0.342","0.280","0.251","146","467","80.5","13.8","2252","88.3","87.71","150","911","802","-0.6","5.98","106","149","104","145","292","316","288"
"1585",628338,"Guillermo Heredia",2017,"1585","100.0","0.249","0.088","0.284","0.337","0.288","0.277","0.230","96","386","79.3","14.4","2243","89.1","88.70","103","692","864","-0.4","6.10","102","148","101","145","295","314","282"
"2117",641313,"Tim Anderson",2017,"2117","100.0","0.257","0.145","0.328","0.402","0.289","0.272","0.233","151","587","80.1","12.1","2279","88.0","87.60","345","1158","948","-0.4","6.06","104","148","103","144","295","315","285"
"2233",444876,"Alcides Escobar",2017,"2233","100.0","0.250","0.107","0.291","0.357","0.269","0.270","0.245","150","599","79.3","17.5","2242","88.4","88.21","247","1186","1025","-0.2","6.10","104","148","101","145","298","314","280"
"1819",578428,"Jose Iglesias",2017,"1819","100.0","0.255","0.114","0.285","0.369","0.283","0.270","0.248","118","463","79.1","13.6","2253","88.6","88.33","130","843","965","-0.3","6.08","106","148","102","145","294","312","277"
"1707",572365,"Ryan Goins",2017,"1707","100.0","0.237","0.120","0.283","0.356","0.278","0.269","0.214","99","418","80.2","12.4","2191","88.2","87.65","161","756","941","-0.5","5.99","110","147","102","147","280","317","300"
"1536",595978,"Austin Hedges",2017,"1536","100.0","0.214","0.183","0.260","0.398","0.278","0.266","0.205","83","387","81.9","20.2","2289","88.3","87.62","261","815","717","-0.7","5.93","108","151","113","146","299","317","293"
"1814",592261,"Delino DeShields",2017,"1814","100.0","0.269","0.098","0.358","0.367","0.315","0.263","0.194","101","376","76.7","12.5","2252","89.1","88.76","165","707","1082","-0.3","6.08","101","145","98","143","297","312","281"
"1765",542340,"Jonathan Villar",2017,"1765","100.0","0.241","0.132","0.330","0.372","0.287","0.263","0.212","97","403","82.3","9.8","2155","88.7","88.12","256","837","906","-0.6","5.99","108","147","99","148","292","309","291"
"2397",543829,"Dee Gordon",2017,"2397","100.0","0.308","0.067","0.354","0.375","0.312","0.259","0.240","201","653","75.8","6.9","2207","88.9","88.38","186","1256","1087","-0.5","6.06","101","144","90","144","274","303","293"
"2518",571740,"Billy Hamilton",2017,"2518","100.0","0.247","0.088","0.313","0.335","0.278","0.248","0.219","144","582","74.7","14.2","2178","88.4","87.96","224","1141","1349","-0.4","6.07","99","142","90","143","280","304","285"